,Basis,Importance,Basis_name
0,0,0.015884866956443464,Democratic Rule
1,1,0.1557893573094182,Armed Conflict
2,2,0.20518725650395023,Physical Security of Women
3,3,0.2025697408368681,Social Inequal. and Discrimination
4,4,0.21007418059570718,Access to Resources
5,5,0.2104945977976127,Religious and Pol. Freedoms
